,To_State_0,To_State_1,To_State_2
From_State_0,0.7128569375179833,0.1435800839654035,0.14356297851661323
From_State_1,4.283038724131224e-40,0.9729967830774896,0.027003216922510474
From_State_2,0.01550387596899218,6.242449404270984e-77,0.9844961240310077
