,Baseline,Regime-Filtered
Total Return,-0.30313942774902736,-0.18786007255030798
Annual Return,-0.3411294779776082,-0.21140307929517685
Annual Volatility,0.02823812710311371,0.02369123378161467
Sharpe Ratio,-14.382309297447204,-11.666892566383627
Sortino Ratio,-16.52608838332895,-13.46255193923488
Max Drawdown,-0.2617676221650137,-0.1714770113241969
Calmar Ratio,-1.3031767456808168,-1.2328362715366852
